{"_runtime": 38.271220684051514, "_timestamp": 1580206395.6194339, "epoch": 0, "_step": 0}
