{"_runtime": 10.099808931350708, "_step": 0, "_timestamp": 1580218669.1546183, "epoch": 0}
