{"_runtime": 175.4488389492035, "_step": 0, "epoch": 0, "_timestamp": 1580219678.1743066}
